{"cameraMode":{"drawMode":0,"name":"Shaded","section":"Shading Mode"},"sceneLighting":true,"audioPlay":false,"sceneViewState":{"showFog":true,"showMaterialUpdate":true,"showSkybox":true,"showFlares":true,"showImageEffects":true,"showParticleSystems":true},"in2DMode":false,"pivot":{"x":-189.07843017578126,"y":-170.39288330078126,"z":-239.96096801757813},"rotation":{"x":-0.07378021627664566,"y":0.924629807472229,"z":-0.23452173173427583,"w":-0.2908879816532135},"size":401.2992248535156,"orthographic":false}