{"cameraMode":{"drawMode":0,"name":"Shaded","section":"Shading Mode"},"sceneLighting":false,"audioPlay":false,"sceneViewState":{"showFog":true,"showMaterialUpdate":true,"showSkybox":true,"showFlares":true,"showImageEffects":true,"showParticleSystems":true},"in2DMode":false,"pivot":{"x":9.619999885559082,"y":5.334655284881592,"z":28.130878448486329},"rotation":{"x":0.0020077507942914964,"y":-0.9096168279647827,"z":0.41542020440101626,"w":0.0043945410288870338},"size":5.742264270782471,"orthographic":false}