{"cameraMode":{"drawMode":0,"name":"Shaded","section":"Shading Mode"},"sceneLighting":false,"audioPlay":false,"sceneViewState":{"showFog":true,"showMaterialUpdate":true,"showSkybox":true,"showFlares":true,"showImageEffects":true,"showParticleSystems":true},"in2DMode":false,"pivot":{"x":-15.291426658630371,"y":6.349999904632568,"z":22.600000381469728},"rotation":{"x":-0.0003577922470867634,"y":0.8092609643936157,"z":-0.5874490737915039,"w":-0.0004919188795611262},"size":4.442762851715088,"orthographic":false}