{"cameraMode":{"drawMode":0,"name":"Shaded","section":"Shading Mode"},"sceneLighting":false,"audioPlay":false,"sceneViewState":{"showFog":true,"showMaterialUpdate":false,"showSkybox":true,"showFlares":true,"showImageEffects":true,"showParticleSystems":true},"in2DMode":false,"pivot":{"x":-1.42082941532135,"y":0.3502039909362793,"z":-0.3530033826828003},"rotation":{"x":-0.09016382694244385,"y":-0.7777059078216553,"z":0.11467691510915756,"w":-0.6114680171012878},"size":1.4486204385757447,"orthographic":false}