{"cameraMode":{"drawMode":0,"name":"Shaded","section":"Shading Mode"},"sceneLighting":true,"audioPlay":false,"sceneViewState":{"showFog":true,"showMaterialUpdate":true,"showSkybox":true,"showFlares":true,"showImageEffects":true,"showParticleSystems":true},"in2DMode":false,"pivot":{"x":-29.682388305664064,"y":124.85789489746094,"z":-166.19068908691407},"rotation":{"x":-0.0019420030293986202,"y":0.5910599827766419,"z":-0.001421949127689004,"w":-0.8066239953041077},"size":154.17098999023438,"orthographic":false}