{"cameraMode":{"drawMode":0,"name":"Shaded","section":"Shading Mode"},"sceneLighting":false,"audioPlay":false,"sceneViewState":{"showFog":true,"showMaterialUpdate":false,"showSkybox":true,"showFlares":true,"showImageEffects":true,"showParticleSystems":true},"in2DMode":false,"pivot":{"x":13.760000228881836,"y":5.28000020980835,"z":23.149999618530275},"rotation":{"x":-0.004401756916195154,"y":-0.902214527130127,"z":0.43116679787635805,"w":-0.00921082403510809},"size":4.041658401489258,"orthographic":false}