{"cameraMode":{"drawMode":0,"name":"Shaded","section":"Shading Mode"},"sceneLighting":false,"audioPlay":false,"sceneViewState":{"showFog":true,"showMaterialUpdate":false,"showSkybox":true,"showFlares":true,"showImageEffects":true,"showParticleSystems":true},"in2DMode":false,"pivot":{"x":-4.179999828338623,"y":3.0484085083007814,"z":30.971303939819337},"rotation":{"x":-0.03450733423233032,"y":-0.9634706974029541,"z":0.2168654352426529,"w":-0.15330654382705689},"size":3.0752696990966799,"orthographic":false}