{"cameraMode":{"drawMode":0,"name":"Shaded","section":"Shading Mode"},"sceneLighting":false,"audioPlay":false,"sceneViewState":{"showFog":true,"showMaterialUpdate":true,"showSkybox":true,"showFlares":true,"showImageEffects":true,"showParticleSystems":true},"in2DMode":false,"pivot":{"x":-6.665514945983887,"y":-3.059643268585205,"z":5.541179656982422},"rotation":{"x":-0.007428986951708794,"y":0.9903955459594727,"z":-0.12485934048891068,"w":-0.058920636773109439},"size":30.247953414916993,"orthographic":false}