{"cameraMode":{"drawMode":0,"name":"Shaded","section":"Shading Mode"},"sceneLighting":true,"audioPlay":false,"sceneViewState":{"showFog":true,"showMaterialUpdate":true,"showSkybox":true,"showFlares":true,"showImageEffects":true,"showParticleSystems":true},"in2DMode":false,"pivot":{"x":-4.103621959686279,"y":1.6807208061218262,"z":24.313753128051759},"rotation":{"x":0.01702284626662731,"y":-0.9829164147377014,"z":0.12391409277915955,"w":0.13502183556556703},"size":27.087400436401368,"orthographic":false}