{"cameraMode":{"drawMode":0,"name":"Shaded","section":"Shading Mode"},"sceneLighting":false,"audioPlay":false,"sceneViewState":{"showFog":true,"showMaterialUpdate":false,"showSkybox":true,"showFlares":true,"showImageEffects":true,"showParticleSystems":true},"in2DMode":false,"pivot":{"x":-1.7115271091461182,"y":-0.11147618293762207,"z":-1.8783888816833497},"rotation":{"x":-0.02088250406086445,"y":0.9776275157928467,"z":-0.1727515161037445,"w":-0.11817501485347748},"size":8.74482536315918,"orthographic":false}