{"cameraMode":{"drawMode":0,"name":"Shaded","section":"Shading Mode"},"sceneLighting":false,"audioPlay":false,"sceneViewState":{"showFog":true,"showMaterialUpdate":true,"showSkybox":true,"showFlares":true,"showImageEffects":true,"showParticleSystems":true},"in2DMode":false,"pivot":{"x":-14.085021018981934,"y":-3.585829257965088,"z":7.585445404052734},"rotation":{"x":-0.025495829060673715,"y":0.9728802442550659,"z":-0.1315564513206482,"w":-0.18853913247585298},"size":30.247953414916993,"orthographic":false}