{"cameraMode":{"drawMode":0,"name":"Shaded","section":"Shading Mode"},"sceneLighting":true,"audioPlay":false,"sceneViewState":{"showFog":true,"showMaterialUpdate":true,"showSkybox":true,"showFlares":true,"showImageEffects":true,"showParticleSystems":true},"in2DMode":false,"pivot":{"x":11.32357406616211,"y":1.9268648624420167,"z":36.052696228027347},"rotation":{"x":-0.008549662306904793,"y":-0.9468628168106079,"z":0.3205304741859436,"w":-0.025258619338274003},"size":6.629094123840332,"orthographic":false}