{"cameraMode":{"drawMode":0,"name":"Shaded","section":"Shading Mode"},"sceneLighting":false,"audioPlay":false,"sceneViewState":{"showFog":true,"showMaterialUpdate":true,"showSkybox":true,"showFlares":true,"showImageEffects":true,"showParticleSystems":true},"in2DMode":false,"pivot":{"x":-0.000055670738220214844,"y":-1.2022318840026856,"z":0.11238443851470947},"rotation":{"x":-0.002160984091460705,"y":-0.9889749884605408,"z":0.14735472202301026,"w":-0.014508955180644989},"size":6.002926349639893,"orthographic":false}