{"cameraMode":{"drawMode":0,"name":"Shaded","section":"Shading Mode"},"sceneLighting":false,"audioPlay":false,"sceneViewState":{"showFog":true,"showMaterialUpdate":false,"showSkybox":true,"showFlares":true,"showImageEffects":true,"showParticleSystems":true},"in2DMode":false,"pivot":{"x":-24.578248977661134,"y":4.517023086547852,"z":36.60997772216797},"rotation":{"x":0.1436750739812851,"y":0.5555452108383179,"z":-0.09816835820674896,"w":0.8130744099617004},"size":8.744828224182129,"orthographic":false}